{"3":{"id":"3","time":0.25,"height":0},"5":{"id":"5","time":0.5,"height":0},"10":{"id":"10","time":1,"height":0},"15":{"id":"15","time":1.3,"height":0},"20":{"id":"20","time":1.6,"height":3},"25":{"id":"25","time":1.98,"height":3},"30":{"id":"30","time":2.16,"height":3.5},"35":{"id":"35","time":2.2800000000000002,"height":3.5},"40":{"id":"40","time":2.4000000000000004,"height":3.5},"45":{"id":"45","time":2.55,"height":3.5},"50":{"id":"50","time":2.7,"height":3.5},"55":{"id":"55","time":2.8499999999999996,"height":3.5},"60":{"id":"60","time":3,"height":4.5},"65":{"id":"65","time":3.1500000000000004,"height":4.5},"70":{"id":"70","time":3.3000000000000003,"height":4.5},"75":{"id":"75","time":3.4499999999999997,"height":4.5},"80":{"id":"80","time":3.5999999999999996,"height":4.5},"85":{"id":"85","time":3.75,"height":4.5},"90":{"id":"90","time":3.9000000000000004,"height":6},"95":{"id":"95","time":4.050000000000001,"height":6},"100":{"id":"100","time":4.199999999999999,"height":6}}