{"1":{"id":"1","gb":0,"lu":0,"r":[1000,0,0]},"2":{"id":"2","gb":0,"lu":0,"r":[1000,0,0]},"3":{"id":"3","gb":0,"lu":0,"r":[1000,0,0]},"4":{"id":"4","gb":0,"lu":0,"r":[1000,0,0]},"5":{"id":"5","gb":0,"lu":0,"r":[1000,0,0]},"6":{"id":"6","gb":2,"lu":0,"r":[970,24,6.00000000000001]},"7":{"id":"7","gb":4,"lu":0,"r":[970,24,6.00000000000001]},"8":{"id":"8","gb":6,"lu":0,"r":[970,24,6.00000000000001]},"9":{"id":"9","gb":8,"lu":0,"r":[970,24,6.00000000000001]},"10":{"id":"10","gb":10,"lu":80,"r":[970,24,6.00000000000001]},"11":{"id":"11","gb":12,"lu":10,"r":[940,48,12]},"12":{"id":"12","gb":14,"lu":10,"r":[940,48,12]},"13":{"id":"13","gb":16,"lu":0,"r":[940,48,12]},"14":{"id":"14","gb":18,"lu":0,"r":[940,48,12]},"15":{"id":"15","gb":20,"lu":80,"r":[940,48,12]},"16":{"id":"16","gb":20,"lu":10,"r":[910,72.0000000000001,18]},"17":{"id":"17","gb":20,"lu":10,"r":[910,72.0000000000001,18]},"18":{"id":"18","gb":20,"lu":0,"r":[910,72.0000000000001,18]},"19":{"id":"19","gb":20,"lu":0,"r":[910,72.0000000000001,18]},"20":{"id":"20","gb":20,"lu":80,"r":[910,72.0000000000001,18]},"21":{"id":"21","gb":25,"lu":10,"r":[880,96.0000000000001,24]},"22":{"id":"22","gb":25,"lu":10,"r":[880,96.0000000000001,24]},"23":{"id":"23","gb":25,"lu":0,"r":[880,96.0000000000001,24]},"24":{"id":"24","gb":25,"lu":0,"r":[880,96.0000000000001,24]},"25":{"id":"25","gb":25,"lu":75,"r":[880,96.0000000000001,24]},"26":{"id":"26","gb":25,"lu":13,"r":[850,120,30]},"27":{"id":"27","gb":25,"lu":13,"r":[850,120,30]},"28":{"id":"28","gb":25,"lu":0,"r":[850,120,30]},"29":{"id":"29","gb":25,"lu":0,"r":[850,120,30]},"30":{"id":"30","gb":25,"lu":75,"r":[850,120,30]},"31":{"id":"31","gb":30,"lu":13,"r":[820,144,36]},"32":{"id":"32","gb":30,"lu":13,"r":[820,144,36]},"33":{"id":"33","gb":30,"lu":0,"r":[820,144,36]},"34":{"id":"34","gb":30,"lu":0,"r":[820,144,36]},"35":{"id":"35","gb":30,"lu":75,"r":[820,144,36]},"36":{"id":"36","gb":30,"lu":13,"r":[790,168,42]},"37":{"id":"37","gb":30,"lu":13,"r":[790,168,42]},"38":{"id":"38","gb":30,"lu":0,"r":[790,168,42]},"39":{"id":"39","gb":30,"lu":0,"r":[790,168,42]},"40":{"id":"40","gb":30,"lu":70,"r":[790,168,42]},"41":{"id":"41","gb":35,"lu":15,"r":[760,192,48]},"42":{"id":"42","gb":35,"lu":15,"r":[760,192,48]},"43":{"id":"43","gb":35,"lu":0,"r":[760,192,48]},"44":{"id":"44","gb":35,"lu":0,"r":[760,192,48]},"45":{"id":"45","gb":35,"lu":70,"r":[760,192,48]},"46":{"id":"46","gb":35,"lu":15,"r":[730,216,54]},"47":{"id":"47","gb":35,"lu":15,"r":[730,216,54]},"48":{"id":"48","gb":35,"lu":0,"r":[730,216,54]},"49":{"id":"49","gb":35,"lu":0,"r":[730,216,54]},"50":{"id":"50","gb":35,"lu":70,"r":[730,216,54]},"51":{"id":"51","gb":40,"lu":6,"r":[700,240,60.0000000000001]},"52":{"id":"52","gb":40,"lu":6,"r":[700,240,60.0000000000001]},"53":{"id":"53","gb":40,"lu":6,"r":[700,240,60.0000000000001]},"54":{"id":"54","gb":40,"lu":6,"r":[700,240,60.0000000000001]},"55":{"id":"55","gb":40,"lu":6,"r":[700,240,60.0000000000001]},"56":{"id":"56","gb":40,"lu":0,"r":[670,264,66.0000000000001]},"57":{"id":"57","gb":40,"lu":0,"r":[670,264,66.0000000000001]},"58":{"id":"58","gb":40,"lu":0,"r":[670,264,66.0000000000001]},"59":{"id":"59","gb":40,"lu":0,"r":[670,264,66.0000000000001]},"60":{"id":"60","gb":40,"lu":65,"r":[670,264,66.0000000000001]},"61":{"id":"61","gb":45,"lu":7,"r":[640,288,72.0000000000001]},"62":{"id":"62","gb":45,"lu":7,"r":[640,288,72.0000000000001]},"63":{"id":"63","gb":45,"lu":7,"r":[640,288,72.0000000000001]},"64":{"id":"64","gb":45,"lu":7,"r":[640,288,72.0000000000001]},"65":{"id":"65","gb":45,"lu":7,"r":[640,288,72.0000000000001]},"66":{"id":"66","gb":45,"lu":0,"r":[610,312,78.0000000000001]},"67":{"id":"67","gb":45,"lu":0,"r":[610,312,78.0000000000001]},"68":{"id":"68","gb":45,"lu":0,"r":[610,312,78.0000000000001]},"69":{"id":"69","gb":45,"lu":0,"r":[610,312,78.0000000000001]},"70":{"id":"70","gb":45,"lu":65,"r":[610,312,78.0000000000001]},"71":{"id":"71","gb":50,"lu":7,"r":[600,320,80]},"72":{"id":"72","gb":50,"lu":7,"r":[600,320,80]},"73":{"id":"73","gb":50,"lu":7,"r":[600,320,80]},"74":{"id":"74","gb":50,"lu":7,"r":[600,320,80]},"75":{"id":"75","gb":50,"lu":7,"r":[600,320,80]},"76":{"id":"76","gb":50,"lu":0,"r":[600,320,80]},"77":{"id":"77","gb":50,"lu":0,"r":[600,320,80]},"78":{"id":"78","gb":50,"lu":0,"r":[600,320,80]},"79":{"id":"79","gb":50,"lu":0,"r":[600,320,80]},"80":{"id":"80","gb":50,"lu":65,"r":[600,320,80]},"81":{"id":"81","gb":50,"lu":7,"r":[600,320,80]},"82":{"id":"82","gb":50,"lu":7,"r":[600,320,80]},"83":{"id":"83","gb":50,"lu":7,"r":[600,320,80]},"84":{"id":"84","gb":50,"lu":7,"r":[600,320,80]},"85":{"id":"85","gb":50,"lu":7,"r":[600,320,80]},"86":{"id":"86","gb":50,"lu":0,"r":[600,320,80]},"87":{"id":"87","gb":50,"lu":0,"r":[600,320,80]},"88":{"id":"88","gb":50,"lu":0,"r":[600,320,80]},"89":{"id":"89","gb":50,"lu":0,"r":[600,320,80]},"90":{"id":"90","gb":50,"lu":60,"r":[600,320,80]},"91":{"id":"91","gb":50,"lu":8,"r":[600,320,80]},"92":{"id":"92","gb":50,"lu":8,"r":[600,320,80]},"93":{"id":"93","gb":50,"lu":8,"r":[600,320,80]},"94":{"id":"94","gb":50,"lu":8,"r":[600,320,80]},"95":{"id":"95","gb":50,"lu":8,"r":[600,320,80]},"96":{"id":"96","gb":50,"lu":0,"r":[600,320,80]},"97":{"id":"97","gb":50,"lu":0,"r":[600,320,80]},"98":{"id":"98","gb":50,"lu":0,"r":[600,320,80]},"99":{"id":"99","gb":50,"lu":0,"r":[600,320,80]},"100":{"id":"100","gb":50,"lu":60,"r":[600,320,80]},"101":{"id":"101","gb":50,"lu":6,"r":[600,320,80]},"102":{"id":"102","gb":50,"lu":6,"r":[600,320,80]},"103":{"id":"103","gb":50,"lu":6,"r":[600,320,80]},"104":{"id":"104","gb":50,"lu":6,"r":[600,320,80]},"105":{"id":"105","gb":50,"lu":6,"r":[600,320,80]},"106":{"id":"106","gb":50,"lu":6,"r":[600,320,80]},"107":{"id":"107","gb":50,"lu":6,"r":[600,320,80]},"108":{"id":"108","gb":50,"lu":0,"r":[600,320,80]},"109":{"id":"109","gb":50,"lu":0,"r":[600,320,80]},"110":{"id":"110","gb":50,"lu":0,"r":[600,320,80]},"111":{"id":"111","gb":50,"lu":0,"r":[600,320,80]},"112":{"id":"112","gb":50,"lu":0,"r":[600,320,80]},"113":{"id":"113","gb":50,"lu":0,"r":[600,320,80]},"114":{"id":"114","gb":50,"lu":0,"r":[600,320,80]},"115":{"id":"115","gb":50,"lu":60,"r":[600,320,80]},"116":{"id":"116","gb":50,"lu":6,"r":[600,320,80]},"117":{"id":"117","gb":50,"lu":6,"r":[600,320,80]},"118":{"id":"118","gb":50,"lu":6,"r":[600,320,80]},"119":{"id":"119","gb":50,"lu":6,"r":[600,320,80]},"120":{"id":"120","gb":50,"lu":6,"r":[600,320,80]},"121":{"id":"121","gb":50,"lu":6,"r":[600,320,80]},"122":{"id":"122","gb":50,"lu":6,"r":[600,320,80]},"123":{"id":"123","gb":50,"lu":0,"r":[600,320,80]},"124":{"id":"124","gb":50,"lu":0,"r":[600,320,80]},"125":{"id":"125","gb":50,"lu":0,"r":[600,320,80]},"126":{"id":"126","gb":50,"lu":0,"r":[600,320,80]},"127":{"id":"127","gb":50,"lu":0,"r":[600,320,80]},"128":{"id":"128","gb":50,"lu":0,"r":[600,320,80]},"129":{"id":"129","gb":50,"lu":0,"r":[600,320,80]},"130":{"id":"130","gb":50,"lu":55,"r":[600,320,80]},"131":{"id":"131","gb":50,"lu":7,"r":[600,320,80]},"132":{"id":"132","gb":50,"lu":7,"r":[600,320,80]},"133":{"id":"133","gb":50,"lu":7,"r":[600,320,80]},"134":{"id":"134","gb":50,"lu":7,"r":[600,320,80]},"135":{"id":"135","gb":50,"lu":7,"r":[600,320,80]},"136":{"id":"136","gb":50,"lu":7,"r":[600,320,80]},"137":{"id":"137","gb":50,"lu":7,"r":[600,320,80]},"138":{"id":"138","gb":50,"lu":0,"r":[600,320,80]},"139":{"id":"139","gb":50,"lu":0,"r":[600,320,80]},"140":{"id":"140","gb":50,"lu":0,"r":[600,320,80]},"141":{"id":"141","gb":50,"lu":0,"r":[600,320,80]},"142":{"id":"142","gb":50,"lu":0,"r":[600,320,80]},"143":{"id":"143","gb":50,"lu":0,"r":[600,320,80]},"144":{"id":"144","gb":50,"lu":0,"r":[600,320,80]},"145":{"id":"145","gb":50,"lu":55,"r":[600,320,80]},"146":{"id":"146","gb":50,"lu":7,"r":[600,320,80]},"147":{"id":"147","gb":50,"lu":7,"r":[600,320,80]},"148":{"id":"148","gb":50,"lu":7,"r":[600,320,80]},"149":{"id":"149","gb":50,"lu":7,"r":[600,320,80]},"150":{"id":"150","gb":50,"lu":7,"r":[600,320,80]},"151":{"id":"151","gb":50,"lu":7,"r":[600,320,80]},"152":{"id":"152","gb":50,